﻿{"cameraMode":{"drawMode":0,"name":"Shaded","section":"Shading Mode"},"sceneLighting":true,"audioPlay":false,"sceneViewState":{"showFog":true,"showMaterialUpdate":true,"showSkybox":true,"showFlares":true,"showImageEffects":true,"showParticleSystems":true},"in2DMode":false,"pivot":{"x":2.0184388160705568,"y":1.3667064905166627,"z":-1.2949442863464356},"rotation":{"x":-0.05883773788809776,"y":0.4169909656047821,"z":-0.027066614478826524,"w":-0.906600296497345},"size":6.798696041107178,"orthographic":false}